,Survived,Pclass,Sex,Age,Fare,Embarked,Deck,Title,Family_size
0,0,3,1,22.0,7.25,2,2,1,2
1,1,1,0,38.0,71.2833,0,2,0,2
2,1,3,0,26.0,7.925,2,2,0,0
3,1,1,0,35.0,53.1,2,2,0,2
4,0,3,1,35.0,8.05,2,2,1,0
5,0,3,1,30.0,8.4583,1,2,1,0
6,0,1,1,54.0,51.8625,2,4,1,0
7,0,3,1,2.0,21.075,2,2,0,1
8,1,3,0,27.0,11.1333,2,2,0,2
9,1,2,0,14.0,30.0708,0,2,0,2
10,1,3,0,4.0,16.7,2,6,0,2
11,1,1,0,58.0,26.55,2,2,0,0
12,0,3,1,20.0,8.05,2,2,1,0
13,0,3,1,39.0,31.275,2,2,1,1
14,0,3,0,14.0,7.8542,2,2,0,0
15,1,2,0,55.0,16.0,2,2,0,0
16,0,3,1,2.0,29.125,1,2,0,1
17,1,2,1,30.0,13.0,2,2,1,0
18,0,3,0,31.0,18.0,2,2,0,2
19,1,3,0,30.0,7.225,0,2,0,0
20,0,2,1,35.0,26.0,2,2,1,0
21,1,2,1,34.0,13.0,2,3,1,0
22,1,3,0,15.0,8.0292,1,2,0,0
23,1,1,1,28.0,35.5,2,0,1,0
24,0,3,0,8.0,21.075,2,2,0,1
25,1,3,0,38.0,31.3875,2,2,0,1
26,0,3,1,30.0,7.225,0,2,1,0
27,0,1,1,19.0,263.0,2,2,1,1
28,1,3,0,30.0,7.8792,1,2,0,0
29,0,3,1,30.0,7.8958,2,2,1,0
30,0,1,1,40.0,27.7208,0,2,1,0
31,1,1,0,30.0,146.5208,0,1,0,2
32,1,3,0,30.0,7.75,1,2,0,0
33,0,2,1,66.0,10.5,2,2,1,0
34,0,1,1,28.0,82.1708,0,2,1,2
35,0,1,1,42.0,52.0,2,2,1,2
36,1,3,1,30.0,7.2292,0,2,1,0
37,0,3,1,21.0,8.05,2,2,1,0
38,0,3,0,18.0,18.0,2,2,0,2
39,1,3,0,14.0,11.2417,0,2,0,2
40,0,3,0,40.0,9.475,2,2,0,2
41,0,2,0,27.0,21.0,2,2,0,2
42,0,3,1,30.0,7.8958,0,2,1,0
43,1,2,0,3.0,41.5792,0,2,0,2
44,1,3,0,19.0,7.8792,1,2,0,0
45,0,3,1,30.0,8.05,2,2,1,0
46,0,3,1,30.0,15.5,1,2,1,2
47,1,3,0,30.0,7.75,1,2,0,0
48,0,3,1,30.0,21.6792,0,2,1,2
49,0,3,0,18.0,17.8,2,2,0,2
50,0,3,1,7.0,39.6875,2,2,0,1
51,0,3,1,21.0,7.8,2,2,1,0
52,1,1,0,49.0,76.7292,0,3,0,2
53,1,2,0,29.0,26.0,2,2,0,2
54,0,1,1,65.0,61.9792,0,1,1,2
55,1,1,1,30.0,35.5,2,2,1,0
56,1,2,0,21.0,10.5,2,2,0,0
57,0,3,1,28.0,7.2292,0,2,1,0
58,1,2,0,5.0,27.75,2,2,0,2
59,0,3,1,11.0,46.9,2,2,0,1
60,0,3,1,22.0,7.2292,0,2,1,0
61,1,1,0,38.0,80.0,3,1,0,0
62,0,1,1,45.0,83.475,2,2,1,2
63,0,3,1,4.0,27.9,2,2,0,1
64,0,1,1,30.0,27.7208,0,2,1,0
65,1,3,1,30.0,15.2458,0,2,0,2
66,1,2,0,29.0,10.5,2,5,0,0
67,0,3,1,19.0,8.1583,2,2,1,0
68,1,3,0,17.0,7.925,2,2,0,1
69,0,3,1,26.0,8.6625,2,2,1,2
70,0,2,1,32.0,10.5,2,2,1,0
71,0,3,0,16.0,46.9,2,2,0,1
72,0,2,1,21.0,73.5,2,2,1,0
73,0,3,1,26.0,14.4542,0,2,1,2
74,1,3,1,32.0,56.4958,2,2,1,0
75,0,3,1,25.0,7.65,2,5,1,0
76,0,3,1,30.0,7.8958,2,2,1,0
77,0,3,1,30.0,8.05,2,2,1,0
78,1,2,1,1.0,29.0,2,2,0,2
79,1,3,0,30.0,12.475,2,2,0,0
80,0,3,1,22.0,9.0,2,2,1,0
81,1,3,1,29.0,9.5,2,2,1,0
82,1,3,0,30.0,7.7875,1,2,0,0
83,0,1,1,28.0,47.1,2,2,1,0
84,1,2,0,17.0,10.5,2,2,0,0
85,1,3,0,33.0,15.85,2,2,0,2
86,0,3,1,16.0,34.375,2,2,1,1
87,0,3,1,30.0,8.05,2,2,1,0
88,1,1,0,23.0,263.0,2,2,0,1
89,0,3,1,24.0,8.05,2,2,1,0
90,0,3,1,29.0,8.05,2,2,1,0
91,0,3,1,20.0,7.8542,2,2,1,0
92,0,1,1,46.0,61.175,2,4,1,2
93,0,3,1,26.0,20.575,2,2,1,2
94,0,3,1,59.0,7.25,2,2,1,0
95,0,3,1,30.0,8.05,2,2,1,0
96,0,1,1,71.0,34.6542,0,0,1,0
97,1,1,1,23.0,63.3583,0,3,1,2
98,1,2,0,34.0,23.0,2,2,0,2
99,0,2,1,34.0,26.0,2,2,1,2
100,0,3,0,28.0,7.8958,2,2,0,0
101,0,3,1,30.0,7.8958,2,2,1,0
102,0,1,1,21.0,77.2875,2,3,1,2
103,0,3,1,33.0,8.6542,2,2,1,0
104,0,3,1,37.0,7.925,2,2,1,2
105,0,3,1,28.0,7.8958,2,2,1,0
106,1,3,0,21.0,7.65,2,2,0,0
107,1,3,1,30.0,7.775,2,2,1,0
108,0,3,1,38.0,7.8958,2,2,1,0
109,1,3,0,30.0,24.15,1,2,0,2
110,0,1,1,47.0,52.0,2,2,1,0
111,0,3,0,14.0,14.4542,0,2,0,2
112,0,3,1,22.0,8.05,2,2,1,0
113,0,3,0,20.0,9.825,2,2,0,2
114,0,3,0,17.0,14.4583,0,2,0,0
115,0,3,1,21.0,7.925,2,2,1,0
116,0,3,1,70.0,7.75,1,2,1,0
117,0,2,1,29.0,21.0,2,2,1,2
118,0,1,1,24.0,247.5208,0,1,1,2
119,0,3,0,2.0,31.275,2,2,0,1
120,0,2,1,21.0,73.5,2,2,1,2
121,0,3,1,30.0,8.05,2,2,1,0
122,0,2,1,32.0,30.0708,0,2,1,2
123,1,2,0,32.0,13.0,2,4,0,0
124,0,1,1,54.0,77.2875,2,3,1,2
125,1,3,1,12.0,11.2417,0,2,0,2
126,0,3,1,30.0,7.75,1,2,1,0
127,1,3,1,24.0,7.1417,2,2,1,0
128,1,3,0,30.0,22.3583,0,5,0,2
129,0,3,1,45.0,6.975,2,2,1,0
130,0,3,1,33.0,7.8958,0,2,1,0
131,0,3,1,20.0,7.05,2,2,1,0
132,0,3,0,47.0,14.5,2,2,0,2
133,1,2,0,29.0,26.0,2,2,0,2
134,0,2,1,25.0,13.0,2,2,1,0
135,0,2,1,23.0,15.0458,0,2,1,0
136,1,1,0,19.0,26.2833,2,3,0,2
137,0,1,1,37.0,53.1,2,2,1,2
138,0,3,1,16.0,9.2167,2,2,1,0
139,0,1,1,24.0,79.2,0,1,1,0
140,0,3,0,30.0,15.2458,0,2,0,2
141,1,3,0,22.0,7.75,2,2,0,0
142,1,3,0,24.0,15.85,2,2,0,2
143,0,3,1,19.0,6.75,1,2,1,0
144,0,2,1,18.0,11.5,2,2,1,0
145,0,2,1,19.0,36.75,2,2,1,2
146,1,3,1,27.0,7.7958,2,2,1,0
147,0,3,0,9.0,34.375,2,2,0,1
148,0,2,1,36.0,26.0,2,5,1,2
149,0,2,1,42.0,13.0,2,2,1,0
150,0,2,1,51.0,12.525,2,2,1,0
151,1,1,0,22.0,66.6,2,2,0,2
152,0,3,1,56.0,8.05,2,2,1,0
153,0,3,1,40.0,14.5,2,2,1,2
154,0,3,1,30.0,7.3125,2,2,1,0
155,0,1,1,51.0,61.3792,0,2,1,2
156,1,3,0,16.0,7.7333,1,2,0,0
157,0,3,1,30.0,8.05,2,2,1,0
158,0,3,1,30.0,8.6625,2,2,1,0
159,0,3,1,30.0,69.55,2,2,0,1
160,0,3,1,44.0,16.1,2,2,1,2
161,1,2,0,40.0,15.75,2,2,0,0
162,0,3,1,26.0,7.775,2,2,1,0
163,0,3,1,17.0,8.6625,2,2,1,0
164,0,3,1,1.0,39.6875,2,2,0,1
165,1,3,1,9.0,20.525,2,2,0,2
166,1,1,0,30.0,55.0,2,4,0,2
167,0,3,0,45.0,27.9,2,2,0,1
168,0,1,1,30.0,25.925,2,2,1,0
169,0,3,1,28.0,56.4958,2,2,1,0
170,0,1,1,61.0,33.5,2,1,1,0
171,0,3,1,4.0,29.125,1,2,0,1
172,1,3,0,1.0,11.1333,2,2,0,2
173,0,3,1,21.0,7.925,2,2,1,0
174,0,1,1,56.0,30.6958,0,0,1,0
175,0,3,1,18.0,7.8542,2,2,1,2
176,0,3,1,30.0,25.4667,2,2,0,1
177,0,1,0,50.0,28.7125,0,2,0,0
178,0,2,1,30.0,13.0,2,2,1,0
179,0,3,1,36.0,0.0,2,2,1,0
180,0,3,0,30.0,69.55,2,2,0,1
181,0,2,1,30.0,15.05,0,2,1,0
182,0,3,1,9.0,31.3875,2,2,0,1
183,1,2,1,1.0,39.0,2,5,0,2
184,1,3,0,4.0,22.025,2,2,0,2
185,0,1,1,30.0,50.0,2,0,1,0
186,1,3,0,30.0,15.5,1,2,0,2
187,1,1,1,45.0,26.55,2,2,1,0
188,0,3,1,40.0,15.5,1,2,1,2
189,0,3,1,36.0,7.8958,2,2,1,0
190,1,2,0,32.0,13.0,2,2,0,0
191,0,2,1,19.0,13.0,2,2,1,0
192,1,3,0,19.0,7.8542,2,2,0,2
193,1,2,1,3.0,26.0,2,5,0,2
194,1,1,0,44.0,27.7208,0,1,0,0
195,1,1,0,58.0,146.5208,0,1,0,0
196,0,3,1,30.0,7.75,1,2,1,0
197,0,3,1,42.0,8.4042,2,2,1,2
198,1,3,0,30.0,7.75,1,2,0,0
199,0,2,0,24.0,13.0,2,2,0,0
200,0,3,1,28.0,9.5,2,2,1,0
201,0,3,1,30.0,69.55,2,2,1,1
202,0,3,1,34.0,6.4958,2,2,1,0
203,0,3,1,46.0,7.225,0,2,1,0
204,1,3,1,18.0,8.05,2,2,1,0
205,0,3,0,2.0,10.4625,2,6,0,2
206,0,3,1,32.0,15.85,2,2,1,2
207,1,3,1,26.0,18.7875,0,2,1,0
208,1,3,0,16.0,7.75,1,2,0,0
209,1,1,1,40.0,31.0,0,0,1,0
210,0,3,1,24.0,7.05,2,2,1,0
211,1,2,0,35.0,21.0,2,2,0,0
212,0,3,1,22.0,7.25,2,2,1,0
213,0,2,1,30.0,13.0,2,2,1,0
214,0,3,1,30.0,7.75,1,2,1,2
215,1,1,0,31.0,113.275,0,3,0,2
216,1,3,0,27.0,7.925,2,2,0,0
217,0,2,1,42.0,27.0,2,2,1,2
218,1,1,0,32.0,76.2917,0,3,0,0
219,0,2,1,30.0,10.5,2,2,1,0
220,1,3,1,16.0,8.05,2,2,1,0
221,0,2,1,27.0,13.0,2,2,1,0
222,0,3,1,51.0,8.05,2,2,1,0
223,0,3,1,30.0,7.8958,2,2,1,0
224,1,1,1,38.0,90.0,2,2,1,2
225,0,3,1,22.0,9.35,2,2,1,0
226,1,2,1,19.0,10.5,2,2,1,0
227,0,3,1,20.0,7.25,2,2,1,0
228,0,2,1,18.0,13.0,2,2,1,0
229,0,3,0,30.0,25.4667,2,2,0,1
230,1,1,0,35.0,83.475,2,2,0,2
231,0,3,1,29.0,7.775,2,2,1,0
232,0,2,1,59.0,13.5,2,2,1,0
233,1,3,0,5.0,31.3875,2,2,0,1
234,0,2,1,24.0,10.5,2,2,1,0
235,0,3,0,30.0,7.55,2,2,0,0
236,0,2,1,44.0,26.0,2,2,1,2
237,1,2,0,8.0,26.25,2,2,0,2
238,0,2,1,19.0,10.5,2,2,1,0
239,0,2,1,33.0,12.275,2,2,1,0
240,0,3,0,30.0,14.4542,0,2,0,2
241,1,3,0,30.0,15.5,1,2,0,2
242,0,2,1,29.0,10.5,2,2,1,0
243,0,3,1,22.0,7.125,2,2,1,0
244,0,3,1,30.0,7.225,0,2,1,0
245,0,1,1,44.0,90.0,1,2,2,2
246,0,3,0,25.0,7.775,2,2,0,0
247,1,2,0,24.0,14.5,2,2,0,2
248,1,1,1,37.0,52.5542,2,3,1,2
249,0,2,1,54.0,26.0,2,2,1,2
250,0,3,1,30.0,7.25,2,2,1,0
251,0,3,0,29.0,10.4625,2,6,0,2
252,0,1,1,62.0,26.55,2,2,1,0
253,0,3,1,30.0,16.1,2,2,1,2
254,0,3,0,41.0,20.2125,2,2,0,2
255,1,3,0,29.0,15.2458,0,2,0,2
256,1,1,0,30.0,79.2,0,2,0,0
257,1,1,0,30.0,86.5,2,1,0,0
258,1,1,0,35.0,512.3292,0,2,0,0
259,1,2,0,50.0,26.0,2,2,0,2
260,0,3,1,30.0,7.75,1,2,1,0
261,1,3,1,3.0,31.3875,2,2,0,1
262,0,1,1,52.0,79.65,2,4,1,2
263,0,1,1,40.0,0.0,2,1,1,0
264,0,3,0,30.0,7.75,1,2,0,0
265,0,2,1,36.0,10.5,2,2,1,0
266,0,3,1,16.0,39.6875,2,2,1,1
267,1,3,1,25.0,7.775,2,2,1,2
268,1,1,0,58.0,153.4625,2,2,0,2
269,1,1,0,35.0,135.6333,2,2,0,0
270,0,1,1,30.0,31.0,2,2,1,0
271,1,3,1,25.0,0.0,2,2,1,0
272,1,2,0,41.0,19.5,2,2,0,2
273,0,1,1,37.0,29.7,0,2,1,2
274,1,3,0,30.0,7.75,1,2,0,0
275,1,1,0,63.0,77.9583,2,3,0,2
276,0,3,0,45.0,7.75,2,2,0,0
277,0,2,1,30.0,0.0,2,2,1,0
278,0,3,1,7.0,29.125,1,2,0,1
279,1,3,0,35.0,20.25,2,2,0,2
280,0,3,1,65.0,7.75,1,2,1,0
281,0,3,1,28.0,7.8542,2,2,1,0
282,0,3,1,16.0,9.5,2,2,1,0
283,1,3,1,19.0,8.05,2,2,1,0
284,0,1,1,30.0,26.0,2,0,1,0
285,0,3,1,33.0,8.6625,0,2,1,0
286,1,3,1,30.0,9.5,2,2,1,0
287,0,3,1,22.0,7.8958,2,2,1,0
288,1,2,1,42.0,13.0,2,2,1,0
289,1,3,0,22.0,7.75,1,2,0,0
290,1,1,0,26.0,78.85,2,2,0,0
291,1,1,0,19.0,91.0792,0,1,0,2
292,0,2,1,36.0,12.875,0,3,1,0
293,0,3,0,24.0,8.85,2,2,0,0
294,0,3,1,24.0,7.8958,2,2,1,0
295,0,1,1,30.0,27.7208,0,2,1,0
296,0,3,1,24.0,7.2292,0,2,1,0
297,0,1,0,2.0,151.55,2,2,0,2
298,1,1,1,30.0,30.5,2,2,1,0
299,1,1,0,50.0,247.5208,0,1,0,2
300,1,3,0,30.0,7.75,1,2,0,0
301,1,3,1,30.0,23.25,1,2,1,2
302,0,3,1,19.0,0.0,2,2,1,0
303,1,2,0,30.0,12.35,1,4,0,0
304,0,3,1,30.0,8.05,2,2,1,0
305,1,1,1,1.0,151.55,2,2,0,2
306,1,1,0,30.0,110.8833,0,2,0,0
307,1,1,0,17.0,108.9,0,2,0,2
308,0,2,1,30.0,24.0,0,2,1,2
309,1,1,0,30.0,56.9292,0,4,0,0
310,1,1,0,24.0,83.1583,0,2,0,0
311,1,1,0,18.0,262.375,0,1,0,1
312,0,2,0,26.0,26.0,2,2,0,2
313,0,3,1,28.0,7.8958,2,2,1,0
314,0,2,1,43.0,26.25,2,2,1,2
315,1,3,0,26.0,7.8542,2,2,0,0
316,1,2,0,24.0,26.0,2,2,0,2
317,0,2,1,54.0,14.0,2,2,2,0
318,1,1,0,31.0,164.8667,2,2,0,2
319,1,1,0,40.0,134.5,0,4,0,2
320,0,3,1,22.0,7.25,2,2,1,0
321,0,3,1,27.0,7.8958,2,2,1,0
322,1,2,0,30.0,12.35,1,2,0,0
323,1,2,0,22.0,29.0,2,2,0,2
324,0,3,1,30.0,69.55,2,2,1,1
325,1,1,0,36.0,135.6333,0,2,0,0
326,0,3,1,61.0,6.2375,2,2,1,0
327,1,2,0,36.0,13.0,2,3,0,0
328,1,3,0,31.0,20.525,2,2,0,2
329,1,1,0,16.0,57.9792,0,1,0,2
330,1,3,0,30.0,23.25,1,2,0,2
331,0,1,1,46.0,28.5,2,2,1,0
332,0,1,1,38.0,153.4625,2,2,1,2
333,0,3,1,16.0,18.0,2,2,1,2
334,1,1,0,30.0,133.65,2,2,0,2
335,0,3,1,30.0,7.8958,2,2,1,0
336,0,1,1,29.0,66.6,2,2,1,2
337,1,1,0,41.0,134.5,0,4,0,0
338,1,3,1,45.0,8.05,2,2,1,0
339,0,1,1,45.0,35.5,2,2,1,0
340,1,2,1,2.0,26.0,2,5,0,2
341,1,1,0,24.0,263.0,2,2,0,1
342,0,2,1,28.0,13.0,2,2,1,0
343,0,2,1,25.0,13.0,2,2,1,0
344,0,2,1,36.0,13.0,2,2,1,0
345,1,2,0,24.0,13.0,2,5,0,0
346,1,2,0,40.0,13.0,2,2,0,0
347,1,3,0,30.0,16.1,2,2,0,2
348,1,3,1,3.0,15.9,2,2,0,2
349,0,3,1,42.0,8.6625,2,2,1,0
350,0,3,1,23.0,9.225,2,2,1,0
351,0,1,1,30.0,35.0,2,2,1,0
352,0,3,1,15.0,7.2292,0,2,1,2
353,0,3,1,25.0,17.8,2,2,1,2
354,0,3,1,30.0,7.225,0,2,1,0
355,0,3,1,28.0,9.5,2,2,1,0
356,1,1,0,22.0,55.0,2,4,0,2
357,0,2,0,38.0,13.0,2,2,0,0
358,1,3,0,30.0,7.8792,1,2,0,0
359,1,3,0,30.0,7.8792,1,2,0,0
360,0,3,1,40.0,27.9,2,2,1,1
361,0,2,1,29.0,27.7208,0,2,1,2
362,0,3,0,45.0,14.4542,0,2,0,2
363,0,3,1,35.0,7.05,2,2,1,0
364,0,3,1,30.0,15.5,1,2,1,2
365,0,3,1,30.0,7.25,2,2,1,0
366,1,1,0,60.0,75.25,0,3,0,2
367,1,3,0,30.0,7.2292,0,2,0,0
368,1,3,0,30.0,7.75,1,2,0,0
369,1,1,0,24.0,69.3,0,1,0,0
370,1,1,1,25.0,55.4417,0,4,1,2
371,0,3,1,18.0,6.4958,2,2,1,2
372,0,3,1,19.0,8.05,2,2,1,0
373,0,1,1,22.0,135.6333,0,2,1,0
374,0,3,0,3.0,21.075,2,2,0,1
375,1,1,0,30.0,82.1708,0,2,0,2
376,1,3,0,22.0,7.25,2,2,0,0
377,0,1,1,27.0,211.5,0,2,1,2
378,0,3,1,20.0,4.0125,0,2,1,0
379,0,3,1,19.0,7.775,2,2,1,0
380,1,1,0,42.0,227.525,0,2,0,0
381,1,3,0,1.0,15.7417,0,2,0,2
382,0,3,1,32.0,7.925,2,2,1,0
383,1,1,0,35.0,52.0,2,2,0,2
384,0,3,1,30.0,7.8958,2,2,1,0
385,0,2,1,18.0,73.5,2,2,1,0
386,0,3,1,1.0,46.9,2,2,0,1
387,1,2,0,36.0,13.0,2,2,0,0
388,0,3,1,30.0,7.7292,1,2,1,0
389,1,2,0,17.0,12.0,0,2,0,0
390,1,1,1,36.0,120.0,2,1,1,2
391,1,3,1,21.0,7.7958,2,2,1,0
392,0,3,1,28.0,7.925,2,2,1,2
393,1,1,0,23.0,113.275,0,3,0,2
394,1,3,0,24.0,16.7,2,6,0,2
395,0,3,1,22.0,7.7958,2,2,1,0
396,0,3,0,31.0,7.8542,2,2,0,0
397,0,2,1,46.0,26.0,2,2,1,0
398,0,2,1,23.0,10.5,2,2,2,0
399,1,2,0,28.0,12.65,2,2,0,0
400,1,3,1,39.0,7.925,2,2,1,0
401,0,3,1,26.0,8.05,2,2,1,0
402,0,3,0,21.0,9.825,2,2,0,2
403,0,3,1,28.0,15.85,2,2,1,2
404,0,3,0,20.0,8.6625,2,2,0,0
405,0,2,1,34.0,21.0,2,2,1,2
406,0,3,1,51.0,7.75,2,2,1,0
407,1,2,1,3.0,18.75,2,2,0,2
408,0,3,1,21.0,7.775,2,2,1,0
409,0,3,0,30.0,25.4667,2,2,0,1
410,0,3,1,30.0,7.8958,2,2,1,0
411,0,3,1,30.0,6.8583,1,2,1,0
412,1,1,0,33.0,90.0,1,2,0,2
413,0,2,1,30.0,0.0,2,2,1,0
414,1,3,1,44.0,7.925,2,2,1,0
415,0,3,0,30.0,8.05,2,2,0,0
416,1,2,0,34.0,32.5,2,2,0,2
417,1,2,0,18.0,13.0,2,2,0,2
418,0,2,1,30.0,13.0,2,2,1,0
419,0,3,0,10.0,24.15,2,2,0,2
420,0,3,1,30.0,7.8958,0,2,1,0
421,0,3,1,21.0,7.7333,1,2,1,0
422,0,3,1,29.0,7.875,2,2,1,0
423,0,3,0,28.0,14.4,2,2,0,2
424,0,3,1,18.0,20.2125,2,2,1,2
425,0,3,1,30.0,7.25,2,2,1,0
426,1,2,0,28.0,26.0,2,2,0,2
427,1,2,0,19.0,26.0,2,2,0,0
428,0,3,1,30.0,7.75,1,2,1,0
429,1,3,1,32.0,8.05,2,4,1,0
430,1,1,1,28.0,26.55,2,2,1,0
431,1,3,0,30.0,16.1,2,2,0,2
432,1,2,0,42.0,26.0,2,2,0,2
433,0,3,1,17.0,7.125,2,2,1,0
434,0,1,1,50.0,55.9,2,4,1,2
435,1,1,0,14.0,120.0,2,1,0,2
436,0,3,0,21.0,34.375,2,2,0,1
437,1,2,0,24.0,18.75,2,2,0,1
438,0,1,1,64.0,263.0,2,2,1,1
439,0,2,1,31.0,10.5,2,2,1,0
440,1,2,0,45.0,26.25,2,2,0,2
441,0,3,1,20.0,9.5,2,2,1,0
442,0,3,1,25.0,7.775,2,2,1,2
443,1,2,0,28.0,13.0,2,2,0,0
444,1,3,1,30.0,8.1125,2,2,1,0
445,1,1,1,4.0,81.8583,2,0,0,2
446,1,2,0,13.0,19.5,2,2,0,2
447,1,1,1,34.0,26.55,2,2,1,0
448,1,3,0,5.0,19.2583,0,2,0,2
449,1,1,1,52.0,30.5,2,2,2,0
450,0,2,1,36.0,27.75,2,2,1,2
451,0,3,1,30.0,19.9667,2,2,1,2
452,0,1,1,30.0,27.75,0,2,1,0
453,1,1,1,49.0,89.1042,0,2,1,2
454,0,3,1,30.0,8.05,2,2,1,0
455,1,3,1,29.0,7.8958,0,2,1,0
456,0,1,1,65.0,26.55,2,4,1,0
457,1,1,0,30.0,51.8625,2,3,0,2
458,1,2,0,50.0,10.5,2,2,0,0
459,0,3,1,30.0,7.75,1,2,1,0
460,1,1,1,48.0,26.55,2,4,1,0
461,0,3,1,34.0,8.05,2,2,1,0
462,0,1,1,47.0,38.5,2,4,1,0
463,0,2,1,48.0,13.0,2,2,1,0
464,0,3,1,30.0,8.05,2,2,1,0
465,0,3,1,38.0,7.05,2,2,1,0
466,0,2,1,30.0,0.0,2,2,1,0
467,0,1,1,56.0,26.55,2,2,1,0
468,0,3,1,30.0,7.725,1,2,1,0
469,1,3,0,1.0,19.2583,0,2,0,2
470,0,3,1,30.0,7.25,2,2,1,0
471,0,3,1,38.0,8.6625,2,2,1,0
472,1,2,0,33.0,27.75,2,2,0,2
473,1,2,0,23.0,13.7917,0,3,0,0
474,0,3,0,22.0,9.8375,2,2,0,0
475,0,1,1,30.0,52.0,2,0,1,0
476,0,2,1,34.0,21.0,2,2,1,2
477,0,3,1,29.0,7.0458,2,2,1,2
478,0,3,1,22.0,7.5208,2,2,1,0
479,1,3,0,2.0,12.2875,2,2,0,2
480,0,3,1,9.0,46.9,2,2,0,1
481,0,2,1,30.0,0.0,2,2,1,0
482,0,3,1,50.0,8.05,2,2,1,0
483,1,3,0,63.0,9.5875,2,2,0,0
484,1,1,1,25.0,91.0792,0,1,1,2
485,0,3,0,30.0,25.4667,2,2,0,1
486,1,1,0,35.0,90.0,2,2,0,2
487,0,1,1,58.0,29.7,0,1,1,0
488,0,3,1,30.0,8.05,2,2,1,0
489,1,3,1,9.0,15.9,2,2,0,2
490,0,3,1,30.0,19.9667,2,2,1,2
491,0,3,1,21.0,7.25,2,2,1,0
492,0,1,1,55.0,30.5,2,2,1,0
493,0,1,1,71.0,49.5042,0,2,1,0
494,0,3,1,21.0,8.05,2,2,1,0
495,0,3,1,30.0,14.4583,0,2,1,0
496,1,1,0,54.0,78.2667,0,3,0,2
497,0,3,1,30.0,15.1,2,2,1,0
498,0,1,0,25.0,151.55,2,2,0,2
499,0,3,1,24.0,7.7958,2,2,1,0
500,0,3,1,17.0,8.6625,2,2,1,0
501,0,3,0,21.0,7.75,1,2,0,0
502,0,3,0,30.0,7.6292,1,2,0,0
503,0,3,0,37.0,9.5875,2,2,0,0
504,1,1,0,16.0,86.5,2,1,0,0
505,0,1,1,18.0,108.9,0,2,1,2
506,1,2,0,33.0,26.0,2,2,0,2
507,1,1,1,30.0,26.55,2,2,1,0
508,0,3,1,28.0,22.525,2,2,1,0
509,1,3,1,26.0,56.4958,2,2,1,0
510,1,3,1,29.0,7.75,1,2,1,0
511,0,3,1,30.0,8.05,2,2,1,0
512,1,1,1,36.0,26.2875,2,4,1,0
513,1,1,0,54.0,59.4,0,2,0,2
514,0,3,1,24.0,7.4958,2,2,1,0
515,0,1,1,47.0,34.0208,2,3,1,0
516,1,2,0,34.0,10.5,2,5,0,0
517,0,3,1,30.0,24.15,1,2,1,0
518,1,2,0,36.0,26.0,2,2,0,2
519,0,3,1,32.0,7.8958,2,2,1,0
520,1,1,0,30.0,93.5,2,1,0,0
521,0,3,1,22.0,7.8958,2,2,1,0
522,0,3,1,30.0,7.225,0,2,1,0
523,1,1,0,44.0,57.9792,0,1,0,2
524,0,3,1,30.0,7.2292,0,2,1,0
525,0,3,1,40.0,7.75,1,2,1,0
526,1,2,0,50.0,10.5,2,2,0,0
527,0,1,1,30.0,221.7792,2,2,1,0
528,0,3,1,39.0,7.925,2,2,1,0
529,0,2,1,23.0,11.5,2,2,1,2
530,1,2,0,2.0,26.0,2,2,0,2
531,0,3,1,30.0,7.2292,0,2,1,0
532,0,3,1,17.0,7.2292,0,2,1,2
533,1,3,0,30.0,22.3583,0,2,0,2
534,0,3,0,30.0,8.6625,2,2,0,0
535,1,2,0,7.0,26.25,2,2,0,2
536,0,1,1,45.0,26.55,2,1,2,0
537,1,1,0,30.0,106.425,0,2,0,0
538,0,3,1,30.0,14.5,2,2,1,0
539,1,1,0,22.0,49.5,0,1,0,2
540,1,1,0,36.0,71.0,2,1,0,2
541,0,3,0,9.0,31.275,2,2,0,1
542,0,3,0,11.0,31.275,2,2,0,1
543,1,2,1,32.0,26.0,2,2,1,2
544,0,1,1,50.0,106.425,0,2,1,2
545,0,1,1,64.0,26.0,2,2,1,0
546,1,2,0,19.0,26.0,2,2,0,2
547,1,2,1,30.0,13.8625,0,2,1,0
548,0,3,1,33.0,20.525,2,2,1,2
549,1,2,1,8.0,36.75,2,2,0,2
550,1,1,1,17.0,110.8833,0,2,1,2
551,0,2,1,27.0,26.0,2,2,1,0
552,0,3,1,30.0,7.8292,1,2,1,0
553,1,3,1,22.0,7.225,0,2,1,0
554,1,3,0,22.0,7.775,2,2,0,0
555,0,1,1,62.0,26.55,2,2,1,0
556,1,1,0,48.0,39.6,0,0,0,2
557,0,1,1,30.0,227.525,0,2,1,0
558,1,1,0,39.0,79.65,2,4,0,2
559,1,3,0,36.0,17.4,2,2,0,2
560,0,3,1,30.0,7.75,1,2,1,0
561,0,3,1,40.0,7.8958,2,2,1,0
562,0,2,1,28.0,13.5,2,2,1,0
563,0,3,1,30.0,8.05,2,2,1,0
564,0,3,0,30.0,8.05,2,2,0,0
565,0,3,1,24.0,24.15,2,2,1,2
566,0,3,1,19.0,7.8958,2,2,1,0
567,0,3,0,29.0,21.075,2,2,0,1
568,0,3,1,30.0,7.2292,0,2,1,0
569,1,3,1,32.0,7.8542,2,2,1,0
570,1,2,1,62.0,10.5,2,2,1,0
571,1,1,0,53.0,51.4792,2,2,0,2
572,1,1,1,36.0,26.3875,2,4,1,0
573,1,3,0,30.0,7.75,1,2,0,0
574,0,3,1,16.0,8.05,2,2,1,0
575,0,3,1,19.0,14.5,2,2,1,0
576,1,2,0,34.0,13.0,2,2,0,0
577,1,1,0,39.0,55.9,2,4,0,2
578,0,3,0,30.0,14.4583,0,2,0,2
579,1,3,1,32.0,7.925,2,2,1,0
580,1,2,0,25.0,30.0,2,2,0,2
581,1,1,0,39.0,110.8833,0,2,0,2
582,0,2,1,54.0,26.0,2,2,1,0
583,0,1,1,36.0,40.125,0,0,1,0
584,0,3,1,30.0,8.7125,0,2,1,0
585,1,1,0,18.0,79.65,2,4,0,2
586,0,2,1,47.0,15.0,2,2,1,0
587,1,1,1,60.0,79.2,0,1,1,2
588,0,3,1,22.0,8.05,2,2,1,0
589,0,3,1,30.0,8.05,2,2,1,0
590,0,3,1,35.0,7.125,2,2,1,0
591,1,1,0,52.0,78.2667,0,3,0,2
592,0,3,1,47.0,7.25,2,2,1,0
593,0,3,0,30.0,7.75,1,2,0,2
594,0,2,1,37.0,26.0,2,2,1,2
595,0,3,1,36.0,24.15,2,2,1,2
596,1,2,0,30.0,33.0,2,2,0,0
597,0,3,1,49.0,0.0,2,2,1,0
598,0,3,1,30.0,7.225,0,2,1,0
599,1,1,1,49.0,56.9292,0,0,0,2
600,1,2,0,24.0,27.0,2,2,0,2
601,0,3,1,30.0,7.8958,2,2,1,0
602,0,1,1,30.0,42.4,2,2,1,0
603,0,3,1,44.0,8.05,2,2,1,0
604,1,1,1,35.0,26.55,0,2,1,0
605,0,3,1,36.0,15.55,2,2,1,2
606,0,3,1,30.0,7.8958,2,2,1,0
607,1,1,1,27.0,30.5,2,2,1,0
608,1,2,0,22.0,41.5792,0,2,0,2
609,1,1,0,40.0,153.4625,2,2,0,0
610,0,3,0,39.0,31.275,2,2,0,1
611,0,3,1,30.0,7.05,2,2,1,0
612,1,3,0,30.0,15.5,1,2,0,2
613,0,3,1,30.0,7.75,1,2,1,0
614,0,3,1,35.0,8.05,2,2,1,0
615,1,2,0,24.0,65.0,2,2,0,2
616,0,3,1,34.0,14.4,2,2,1,2
617,0,3,0,26.0,16.1,2,2,0,2
618,1,2,0,4.0,39.0,2,5,0,2
619,0,2,1,26.0,10.5,2,2,1,0
620,0,3,1,27.0,14.4542,0,2,1,2
621,1,1,1,42.0,52.5542,2,3,1,2
622,1,3,1,20.0,15.7417,0,2,1,2
623,0,3,1,21.0,7.8542,2,2,1,0
624,0,3,1,21.0,16.1,2,2,1,0
625,0,1,1,61.0,32.3208,2,3,1,0
626,0,2,1,57.0,12.35,1,2,1,0
627,1,1,0,21.0,77.9583,2,3,0,0
628,0,3,1,26.0,7.8958,2,2,1,0
629,0,3,1,30.0,7.7333,1,2,1,0
630,1,1,1,80.0,30.0,2,0,1,0
631,0,3,1,51.0,7.0542,2,2,1,0
632,1,1,1,32.0,30.5,0,1,2,0
633,0,1,1,30.0,0.0,2,2,1,0
634,0,3,0,9.0,27.9,2,2,0,1
635,1,2,0,28.0,13.0,2,2,0,0
636,0,3,1,32.0,7.925,2,2,1,0
637,0,2,1,31.0,26.25,2,2,1,2
638,0,3,0,41.0,39.6875,2,2,0,1
639,0,3,1,30.0,16.1,2,2,1,2
640,0,3,1,20.0,7.8542,2,2,1,0
641,1,1,0,24.0,69.3,0,1,0,0
642,0,3,0,2.0,27.9,2,2,0,1
643,1,3,1,30.0,56.4958,2,2,1,0
644,1,3,0,1.0,19.2583,0,2,0,2
645,1,1,1,48.0,76.7292,0,3,1,2
646,0,3,1,19.0,7.8958,2,2,1,0
647,1,1,1,56.0,35.5,0,0,2,0
648,0,3,1,30.0,7.55,2,2,1,0
649,1,3,0,23.0,7.55,2,2,0,0
650,0,3,1,30.0,7.8958,2,2,1,0
651,1,2,0,18.0,23.0,2,2,0,2
652,0,3,1,21.0,8.4333,2,2,1,0
653,1,3,0,30.0,7.8292,1,2,0,0
654,0,3,0,18.0,6.75,1,2,0,0
655,0,2,1,24.0,73.5,2,2,1,2
656,0,3,1,30.0,7.8958,2,2,1,0
657,0,3,0,32.0,15.5,1,2,0,2
658,0,2,1,23.0,13.0,2,2,1,0
659,0,1,1,58.0,113.275,0,3,1,2
660,1,1,1,50.0,133.65,2,2,2,2
661,0,3,1,40.0,7.225,0,2,1,0
662,0,1,1,47.0,25.5875,2,4,1,0
663,0,3,1,36.0,7.4958,2,2,1,0
664,1,3,1,20.0,7.925,2,2,1,2
665,0,2,1,32.0,73.5,2,2,1,2
666,0,2,1,25.0,13.0,2,2,1,0
667,0,3,1,30.0,7.775,2,2,1,0
668,0,3,1,43.0,8.05,2,2,1,0
669,1,1,0,30.0,52.0,2,2,0,2
670,1,2,0,40.0,39.0,2,2,0,2
671,0,1,1,31.0,52.0,2,1,1,2
672,0,2,1,70.0,10.5,2,2,1,0
673,1,2,1,31.0,13.0,2,2,1,0
674,0,2,1,30.0,0.0,2,2,1,0
675,0,3,1,18.0,7.775,2,2,1,0
676,0,3,1,24.0,8.05,2,2,1,0
677,1,3,0,18.0,9.8417,2,2,0,0
678,0,3,0,43.0,46.9,2,2,0,1
679,1,1,1,36.0,512.3292,0,1,1,2
680,0,3,0,30.0,8.1375,1,2,0,0
681,1,1,1,27.0,76.7292,0,3,1,0
682,0,3,1,20.0,9.225,2,2,1,0
683,0,3,1,14.0,46.9,2,2,1,1
684,0,2,1,60.0,39.0,2,2,1,2
685,0,2,1,25.0,41.5792,0,2,1,2
686,0,3,1,14.0,39.6875,2,2,1,1
687,0,3,1,19.0,10.1708,2,2,1,0
688,0,3,1,18.0,7.7958,2,2,1,0
689,1,1,0,15.0,211.3375,2,1,0,2
690,1,1,1,31.0,57.0,2,1,1,2
691,1,3,0,4.0,13.4167,0,2,0,2
692,1,3,1,30.0,56.4958,2,2,1,0
693,0,3,1,25.0,7.225,0,2,1,0
694,0,1,1,60.0,26.55,2,2,2,0
695,0,2,1,52.0,13.5,2,2,1,0
696,0,3,1,44.0,8.05,2,2,1,0
697,1,3,0,30.0,7.7333,1,2,0,0
698,0,1,1,49.0,110.8833,0,2,1,2
699,0,3,1,42.0,7.65,2,5,1,0
700,1,1,0,18.0,227.525,0,2,0,2
701,1,1,1,35.0,26.2875,2,4,1,0
702,0,3,0,18.0,14.4542,0,2,0,2
703,0,3,1,25.0,7.7417,1,2,1,0
704,0,3,1,26.0,7.8542,2,2,1,2
705,0,2,1,39.0,26.0,2,2,1,0
706,1,2,0,45.0,13.5,2,2,0,0
707,1,1,1,42.0,26.2875,2,4,1,0
708,1,1,0,22.0,151.55,2,2,0,0
709,1,3,1,30.0,15.2458,0,2,0,2
710,1,1,0,24.0,49.5042,0,2,0,0
711,0,1,1,30.0,26.55,2,2,1,0
712,1,1,1,48.0,52.0,2,2,1,2
713,0,3,1,29.0,9.4833,2,2,1,0
714,0,2,1,52.0,13.0,2,2,1,0
715,0,3,1,19.0,7.65,2,5,1,0
716,1,1,0,38.0,227.525,0,2,0,0
717,1,2,0,27.0,10.5,2,4,0,0
718,0,3,1,30.0,15.5,1,2,1,0
719,0,3,1,33.0,7.775,2,2,1,0
720,1,2,0,6.0,33.0,2,2,0,2
721,0,3,1,17.0,7.0542,2,2,1,2
722,0,2,1,34.0,13.0,2,2,1,0
723,0,2,1,50.0,13.0,2,2,1,0
724,1,1,1,27.0,53.1,2,4,1,2
725,0,3,1,20.0,8.6625,2,2,1,0
726,1,2,0,30.0,21.0,2,2,0,2
727,1,3,0,30.0,7.7375,1,2,0,0
728,0,2,1,25.0,26.0,2,2,1,2
729,0,3,0,25.0,7.925,2,2,0,2
730,1,1,0,29.0,211.3375,2,1,0,0
731,0,3,1,11.0,18.7875,0,2,1,0
732,0,2,1,30.0,0.0,2,2,1,0
733,0,2,1,23.0,13.0,2,2,1,0
734,0,2,1,23.0,13.0,2,2,1,0
735,0,3,1,28.0,16.1,2,2,1,0
736,0,3,0,48.0,34.375,2,2,0,1
737,1,1,1,35.0,512.3292,0,1,1,0
738,0,3,1,30.0,7.8958,2,2,1,0
739,0,3,1,30.0,7.8958,2,2,1,0
740,1,1,1,30.0,30.0,2,3,1,0
741,0,1,1,36.0,78.85,2,2,1,2
742,1,1,0,21.0,262.375,0,1,0,1
743,0,3,1,24.0,16.1,2,2,1,2
744,1,3,1,31.0,7.925,2,2,1,0
745,0,1,1,70.0,71.0,2,1,1,2
746,0,3,1,16.0,20.25,2,2,1,2
747,1,2,0,30.0,13.0,2,2,0,0
748,0,1,1,19.0,53.1,2,3,1,2
749,0,3,1,31.0,7.75,1,2,1,0
750,1,2,0,4.0,23.0,2,2,0,2
751,1,3,1,6.0,12.475,2,4,0,2
752,0,3,1,33.0,9.5,2,2,1,0
753,0,3,1,23.0,7.8958,2,2,1,0
754,1,2,0,48.0,65.0,2,2,0,2
755,1,2,1,1.0,14.5,2,2,0,2
756,0,3,1,28.0,7.7958,2,2,1,0
757,0,2,1,18.0,11.5,2,2,1,0
758,0,3,1,34.0,8.05,2,2,1,0
759,1,1,0,33.0,86.5,2,1,0,0
760,0,3,1,30.0,14.5,2,2,1,0
761,0,3,1,41.0,7.125,2,2,1,0
762,1,3,1,20.0,7.2292,0,2,1,0
763,1,1,0,36.0,120.0,2,1,0,2
764,0,3,1,16.0,7.775,2,2,1,0
765,1,1,0,51.0,77.9583,2,3,0,2
766,0,1,1,30.0,39.6,0,2,2,0
767,0,3,0,30.0,7.75,1,2,0,0
768,0,3,1,30.0,24.15,1,2,1,2
769,0,3,1,32.0,8.3625,2,2,1,0
770,0,3,1,24.0,9.5,2,2,1,0
771,0,3,1,48.0,7.8542,2,2,1,0
772,0,2,0,57.0,10.5,2,4,0,0
773,0,3,1,30.0,7.225,0,2,1,0
774,1,2,0,54.0,23.0,2,2,0,1
775,0,3,1,18.0,7.75,2,2,1,0
776,0,3,1,30.0,7.75,1,5,1,0
777,1,3,0,5.0,12.475,2,2,0,0
778,0,3,1,30.0,7.7375,1,2,1,0
779,1,1,0,43.0,211.3375,2,1,0,2
780,1,3,0,13.0,7.2292,0,2,0,0
781,1,1,0,17.0,57.0,2,1,0,2
782,0,1,1,29.0,30.0,2,3,1,0
783,0,3,1,30.0,23.45,2,2,1,2
784,0,3,1,25.0,7.05,2,2,1,0
785,0,3,1,25.0,7.25,2,2,1,0
786,1,3,0,18.0,7.4958,2,2,0,0
787,0,3,1,8.0,29.125,1,2,0,1
788,1,3,1,1.0,20.575,2,2,0,2
789,0,1,1,46.0,79.2,0,1,1,0
790,0,3,1,30.0,7.75,1,2,1,0
791,0,2,1,16.0,26.0,2,2,1,0
792,0,3,0,30.0,69.55,2,2,0,1
793,0,1,1,30.0,30.6958,0,2,1,0
794,0,3,1,25.0,7.8958,2,2,1,0
795,0,2,1,39.0,13.0,2,2,1,0
796,1,1,0,49.0,25.9292,2,3,2,0
797,1,3,0,31.0,8.6833,2,2,0,0
798,0,3,1,30.0,7.2292,0,2,1,0
799,0,3,0,30.0,24.15,2,2,0,2
800,0,2,1,34.0,13.0,2,2,1,0
801,1,2,0,31.0,26.25,2,2,0,2
802,1,1,1,11.0,120.0,2,1,0,2
803,1,3,1,0.0,8.5167,0,2,0,2
804,1,3,1,27.0,6.975,2,2,1,0
805,0,3,1,31.0,7.775,2,2,1,0
806,0,1,1,39.0,0.0,2,0,1,0
807,0,3,0,18.0,7.775,2,2,0,0
808,0,2,1,39.0,13.0,2,2,1,0
809,1,1,0,33.0,53.1,2,4,0,2
810,0,3,1,26.0,7.8875,2,2,1,0
811,0,3,1,39.0,24.15,2,2,1,0
812,0,2,1,35.0,10.5,2,2,1,0
813,0,3,0,6.0,31.275,2,2,0,1
814,0,3,1,30.0,8.05,2,2,1,0
815,0,1,1,30.0,0.0,2,1,1,0
816,0,3,0,23.0,7.925,2,2,0,0
817,0,2,1,31.0,37.0042,0,2,1,2
818,0,3,1,43.0,6.45,2,2,1,0
819,0,3,1,10.0,27.9,2,2,0,1
820,1,1,0,52.0,93.5,2,1,0,2
821,1,3,1,27.0,8.6625,2,2,1,0
822,0,1,1,38.0,0.0,2,2,1,0
823,1,3,0,27.0,12.475,2,4,0,2
824,0,3,1,2.0,39.6875,2,2,0,1
825,0,3,1,30.0,6.95,1,2,1,0
826,0,3,1,30.0,56.4958,2,2,1,0
827,1,2,1,1.0,37.0042,0,2,0,2
828,1,3,1,30.0,7.75,1,2,1,0
829,1,1,0,62.0,80.0,3,1,0,0
830,1,3,0,15.0,14.4542,0,2,0,2
831,1,2,1,1.0,18.75,2,2,0,2
832,0,3,1,30.0,7.2292,0,2,1,0
833,0,3,1,23.0,7.8542,2,2,1,0
834,0,3,1,18.0,8.3,2,2,1,0
835,1,1,0,39.0,83.1583,0,4,0,2
836,0,3,1,21.0,8.6625,2,2,1,0
837,0,3,1,30.0,8.05,2,2,1,0
838,1,3,1,32.0,56.4958,2,2,1,0
839,1,1,1,30.0,29.7,0,2,1,0
840,0,3,1,20.0,7.925,2,2,1,0
841,0,2,1,16.0,10.5,2,2,1,0
842,1,1,0,30.0,31.0,0,2,0,0
843,0,3,1,34.0,6.4375,0,2,1,0
844,0,3,1,17.0,8.6625,2,2,1,0
845,0,3,1,42.0,7.55,2,2,1,0
846,0,3,1,30.0,69.55,2,2,1,1
847,0,3,1,35.0,7.8958,0,2,1,0
848,0,2,1,28.0,33.0,2,2,1,2
849,1,1,0,30.0,89.1042,0,2,0,2
850,0,3,1,4.0,31.275,2,2,0,1
851,0,3,1,74.0,7.775,2,2,1,0
852,0,3,0,9.0,15.2458,0,2,0,2
853,1,1,0,16.0,39.4,2,3,0,2
854,0,2,0,44.0,26.0,2,2,0,2
855,1,3,0,18.0,9.35,2,2,0,2
856,1,1,0,45.0,164.8667,2,2,0,2
857,1,1,1,51.0,26.55,2,4,1,0
858,1,3,0,24.0,19.2583,0,2,0,2
859,0,3,1,30.0,7.2292,0,2,1,0
860,0,3,1,41.0,14.1083,2,2,1,2
861,0,2,1,21.0,11.5,2,2,1,2
862,1,1,0,48.0,25.9292,2,3,0,0
863,0,3,0,30.0,69.55,2,2,0,1
864,0,2,1,24.0,13.0,2,2,1,0
865,1,2,0,42.0,13.0,2,2,0,0
866,1,2,0,27.0,13.8583,0,2,0,2
867,0,1,1,31.0,50.4958,2,0,1,0
868,0,3,1,30.0,9.5,2,2,1,0
869,1,3,1,4.0,11.1333,2,2,0,2
870,0,3,1,26.0,7.8958,2,2,1,0
871,1,1,0,47.0,52.5542,2,3,0,2
872,0,1,1,33.0,5.0,2,1,1,0
873,0,3,1,47.0,9.0,2,2,1,0
874,1,2,0,28.0,24.0,0,2,0,2
875,1,3,0,15.0,7.225,0,2,0,0
876,0,3,1,20.0,9.8458,2,2,1,0
877,0,3,1,19.0,7.8958,2,2,1,0
878,0,3,1,30.0,7.8958,2,2,1,0
879,1,1,0,56.0,83.1583,0,2,0,2
880,1,2,0,25.0,26.0,2,2,0,2
881,0,3,1,33.0,7.8958,2,2,1,0
882,0,3,0,22.0,10.5167,2,2,0,0
883,0,2,1,28.0,10.5,2,2,1,0
884,0,3,1,25.0,7.05,2,2,1,0
885,0,3,0,39.0,29.125,1,2,0,1
886,0,2,1,27.0,13.0,2,2,1,0
887,1,1,0,19.0,30.0,2,1,0,0
888,0,3,0,30.0,23.45,2,2,0,2
889,1,1,1,26.0,30.0,0,2,1,0
890,0,3,1,32.0,7.75,1,2,1,0
